	id	format	website	url	title	downloaded
0	30b1gx	.jpg	imgflip	https://i.imgflip.com/4/30b1gx.jpg	Drake Hotline Bling	True
1	1ur9b0	.jpg	imgflip	https://i.imgflip.com/4/1ur9b0.jpg	Distracted Boyfriend	True
2	1g8my4	.jpg	imgflip	https://i.imgflip.com/4/1g8my4.jpg	Two Buttons	True
3	24y43o	.jpg	imgflip	https://i.imgflip.com/4/24y43o.jpg	Change My Mind	True
4	261o3j	.jpg	imgflip	https://i.imgflip.com/4/261o3j.jpg	Running Away Balloon	True
5	43a45p	.jpg	imgflip	https://i.imgflip.com/4/43a45p.jpg	Buff Doge vs. Cheems	True
6	22bdq6	.jpg	imgflip	https://i.imgflip.com/4/22bdq6.jpg	Left Exit 12 Off Ramp	True
7	3lmzyx	.jpg	imgflip	https://i.imgflip.com/4/3lmzyx.jpg	UNO Draw 25 Cards	True
8	3oevdk	.jpg	imgflip	https://i.imgflip.com/4/3oevdk.jpg	Bernie I Am Once Again Asking For Your Support	True
9	1otk96	.jpg	imgflip	https://i.imgflip.com/4/1otk96.jpg	Mocking Spongebob	True
10	9ehk	.jpg	imgflip	https://i.imgflip.com/4/9ehk.jpg	Batman Slapping Robin	True
11	26jxvz	.jpg	imgflip	https://i.imgflip.com/4/26jxvz.jpg	Gru's Plan	True
12	54hjww	.jpg	imgflip	https://i.imgflip.com/4/54hjww.jpg	Trade Offer	True
13	1jwhww	.jpg	imgflip	https://i.imgflip.com/4/1jwhww.jpg	Expanding Brain	True
14	345v97	.jpg	imgflip	https://i.imgflip.com/4/345v97.jpg	Woman Yelling At Cat	True
15	46e43q	.jpg	imgflip	https://i.imgflip.com/4/46e43q.jpg	Always Has Been	True
16	m78d	.jpg	imgflip	https://i.imgflip.com/4/m78d.jpg	Boardroom Meeting Suggestion	True
17	2fm6x	.jpg	imgflip	https://i.imgflip.com/4/2fm6x.jpg	Waiting Skeleton	True
18	3qqcim	.jpg	imgflip	https://i.imgflip.com/4/3qqcim.jpg	Panik Kalm Panik	True
19	28j0te	.jpg	imgflip	https://i.imgflip.com/4/28j0te.jpg	Epic Handshake	True
20	2ybua0	.jpg	imgflip	https://i.imgflip.com/4/2ybua0.jpg	Tuxedo Winnie The Pooh	True
21	1yxkcp	.jpg	imgflip	https://i.imgflip.com/4/1yxkcp.jpg	Blank Nut Button	True
22	23ls	.jpg	imgflip	https://i.imgflip.com/4/23ls.jpg	Disaster Girl	True
23	2gnnjh	.jpg	imgflip	https://i.imgflip.com/4/2gnnjh.jpg	Monkey Puppet	True
24	1c1uej	.jpg	imgflip	https://i.imgflip.com/4/1c1uej.jpg	Sad Pablo Escobar	True
25	1w7ygt	.jpg	imgflip	https://i.imgflip.com/4/1w7ygt.jpg	Inhaling Seagull	True
26	1o00in	.jpg	imgflip	https://i.imgflip.com/4/1o00in.jpg	Is This A Pigeon is this butterfly	True
27	1tl71a	.jpg	imgflip	https://i.imgflip.com/4/1tl71a.jpg	I Bet He's Thinking About Other Women	True
28	1ihzfe	.jpg	imgflip	https://i.imgflip.com/4/1ihzfe.jpg	X, X Everywhere	True
29	gk5el	.jpg	imgflip	https://i.imgflip.com/4/gk5el.jpg	Hide the Pain Harold	True
30	1bij	.jpg	imgflip	https://i.imgflip.com/4/1bij.jpg	One Does Not Simply	True
31	2za3u1	.jpg	imgflip	https://i.imgflip.com/4/2za3u1.jpg	They're The Same Picture	True
32	21tqf4	.jpg	imgflip	https://i.imgflip.com/4/21tqf4.jpg	The Scroll Of Truth	True
33	38el31	.jpg	imgflip	https://i.imgflip.com/4/38el31.jpg	Clown Applying Makeup	True
34	26am	.jpg	imgflip	https://i.imgflip.com/4/26am.jpg	Ancient Aliens	True
35	1h7in3	.jpg	imgflip	https://i.imgflip.com/4/1h7in3.jpg	Roll Safe Think About It	True
36	3l60ph	.jpg	imgflip	https://i.imgflip.com/4/3l60ph.jpg	Guy Holding Cardboard Sign	True
37	2kbn1e	.jpg	imgflip	https://i.imgflip.com/4/2kbn1e.jpg	Surprised Pikachu	True
38	2896ro	.jpg	imgflip	https://i.imgflip.com/4/2896ro.jpg	American Chopper Argument	True
39	1b42wl	.jpg	imgflip	https://i.imgflip.com/4/1b42wl.jpg	Bike Fall	True
40	grr	.jpg	imgflip	https://i.imgflip.com/4/grr.jpg	The Rock Driving	True
41	28s2gu	.jpg	imgflip	https://i.imgflip.com/4/28s2gu.jpg	Who Killed Hannibal	True
42	21uy0f	.jpg	imgflip	https://i.imgflip.com/4/21uy0f.jpg	Y'all Got Any More Of That	True
43	4acd7j	.jpg	imgflip	https://i.imgflip.com/4/4acd7j.jpg	Laughing Leo	True
44	wxica	.jpg	imgflip	https://i.imgflip.com/4/wxica.jpg	This Is Fine	True
45	2wifvo	.jpg	imgflip	https://i.imgflip.com/4/2wifvo.jpg	Unsettled Tom	True
46	gtj5t	.jpg	imgflip	https://i.imgflip.com/4/gtj5t.jpg	Oprah You Get A	True
47	dnn	.jpg	imgflip	https://i.imgflip.com/4/dnn.jpg	Buddy Christ	True
48	4t0m5	.jpg	imgflip	https://i.imgflip.com/4/4t0m5.jpg	Doge	True
49	4iolje	.jpg	imgflip	https://i.imgflip.com/4/4iolje.jpg	Average *BLANK* Fan VS Average *BLANK* Enjoyer	True
50	1wz1x	.jpg	imgflip	https://i.imgflip.com/4/1wz1x.jpg	This Is Where I'd Put My Trophy If I Had One	True
51	3pnmg	.jpg	imgflip	https://i.imgflip.com/4/3pnmg.jpg	Finding Neverland	True
52	1bgw	.jpg	imgflip	https://i.imgflip.com/4/1bgw.jpg	Futurama Fry	True
53	392xtu	.jpg	imgflip	https://i.imgflip.com/4/392xtu.jpg	Spongebob Ight Imma Head Out	True
54	271ps6	.jpg	imgflip	https://i.imgflip.com/4/271ps6.jpg	Hard To Swallow Pills	True
55	1bhw	.jpg	imgflip	https://i.imgflip.com/4/1bhw.jpg	Grandma Finds The Internet	True
56	1e7ql7	.jpg	imgflip	https://i.imgflip.com/4/1e7ql7.jpg	Evil Kermit	True
57	3kwur5	.jpg	imgflip	https://i.imgflip.com/4/3kwur5.jpg	All My Homies Hate	True
58	265k	.jpg	imgflip	https://i.imgflip.com/4/265k.jpg	Third World Skeptical Kid	True
59	8k0sa	.jpg	imgflip	https://i.imgflip.com/4/8k0sa.jpg	Star Wars Yoda	True
60	1ii4oc	.jpg	imgflip	https://i.imgflip.com/4/1ii4oc.jpg	Trump Bill Signing	True
61	265j	.jpg	imgflip	https://i.imgflip.com/4/265j.jpg	Third World Success Kid	True
62	39t1o	.jpg	imgflip	https://i.imgflip.com/4/39t1o.jpg	Leonardo Dicaprio Cheers	True
63	2reqtg	.jpg	imgflip	https://i.imgflip.com/4/2reqtg.jpg	Flex Tape	True
64	4amyl5	.jpg	imgflip	https://i.imgflip.com/4/4amyl5.jpg	where banana	True
65	u0pf0	.jpg	imgflip	https://i.imgflip.com/4/u0pf0.jpg	Disappointed Black Guy	True
66	2odckz	.jpg	imgflip	https://i.imgflip.com/4/2odckz.jpg	Marked Safe From	True
67	2xscjb	.jpg	imgflip	https://i.imgflip.com/4/2xscjb.jpg	You Guys are Getting Paid	True
68	1bh8	.jpg	imgflip	https://i.imgflip.com/4/1bh8.jpg	The Most Interesting Man In The World	True
69	145qvv	.jpg	imgflip	https://i.imgflip.com/4/145qvv.jpg	Squidward window	True
70	1op9wy	.jpg	imgflip	https://i.imgflip.com/4/1op9wy.jpg	Whisper and Goosebumps	True
71	1yz6z4	.jpg	imgflip	https://i.imgflip.com/4/1yz6z4.jpg	Types of Headaches meme	True
72	434i5j	.jpg	imgflip	https://i.imgflip.com/4/434i5j.jpg	A train hitting a school bus	True
73	3nx72a	.jpg	imgflip	https://i.imgflip.com/4/3nx72a.jpg	Grant Gustin over grave	True
74	1nck6k	.jpg	imgflip	https://i.imgflip.com/4/1nck6k.jpg	Sleeping Shaq	True
75	3po4m7	.jpg	imgflip	https://i.imgflip.com/4/3po4m7.jpg	Anime Girl Hiding from Terminator	True
76	1tkjq9	.jpg	imgflip	https://i.imgflip.com/4/1tkjq9.jpg	spiderman pointing at spiderman	True
77	1iruch	.jpg	imgflip	https://i.imgflip.com/4/1iruch.jpg	Drake Blank	True
78	44eggm	.jpg	imgflip	https://i.imgflip.com/4/44eggm.jpg	Bugs bunny communist	True
79	372syy	.jpg	imgflip	https://i.imgflip.com/4/372syy.jpg	Empty Stonks	True
80	1bhk	.jpg	imgflip	https://i.imgflip.com/4/1bhk.jpg	Success Kid	True
81	1bh9	.jpg	imgflip	https://i.imgflip.com/4/1bh9.jpg	X All The Y	True
82	10zlh5	.jpg	imgflip	https://i.imgflip.com/4/10zlh5.jpg	Is This a Pigeon	True
83	b6xvw	.jpg	imgflip	https://i.imgflip.com/4/b6xvw.jpg	Blank White Template Blank Transparent Square	True
84	c2qn	.jpg	imgflip	https://i.imgflip.com/4/c2qn.jpg	That Would Be Great	True
85	2hgfw	.jpg	imgflip	https://i.imgflip.com/4/2hgfw.jpg	Scared Cat	True
86	34vt4i	.jpg	imgflip	https://i.imgflip.com/4/34vt4i.jpg	Brain Before Sleep	True
87	4k57vd	.jpg	imgflip	https://i.imgflip.com/4/4k57vd.jpg	I believe in supremacy	True
88	3umnr3	.jpg	imgflip	https://i.imgflip.com/4/3umnr3.jpg	Soyboy Vs Yes Chad	True
90	hmt3v	.jpg	imgflip	https://i.imgflip.com/4/hmt3v.jpg	Look At Me	True
91	19vcz0	.jpg	imgflip	https://i.imgflip.com/4/19vcz0.jpg	Pawn Stars Best I Can Do	True
92	1bhm	.jpg	imgflip	https://i.imgflip.com/4/1bhm.jpg	Brace Yourselves X is Coming	True
93	2oo7h0	.jpg	imgflip	https://i.imgflip.com/4/2oo7h0.jpg	Domino Effect	True
94	4t2cot	.jpg	imgflip	https://i.imgflip.com/4/4t2cot.jpg	Where banana blank	True
95	2xytmc	.jpg	imgflip	https://i.imgflip.com/4/2xytmc.jpg	What Gives People Feelings of Power	True
97	33e92f	.jpg	imgflip	https://i.imgflip.com/4/33e92f.jpg	Three-headed Dragon	True
98	26br	.jpg	imgflip	https://i.imgflip.com/4/26br.jpg	Don't You Squidward	True
99	3i7p	.jpg	imgflip	https://i.imgflip.com/4/3i7p.jpg	Imagination Spongebob	True
